Place FIPS,"Unincorporated, Non-Place FIPS",Geography Name,County FIPS,County Name
3700160.00,,Aberdeen town,125,Moore
3700440.00,,Advance CDP,59,Davie
3700500.00,,Ahoskie town,91,Hertford
3700640.00,,Alamance village,1,Alamance
3700680.00,,Albemarle city,167,Stanly
3700880.00,,Alexis CDP,71,Gaston
3701000.00,,Alliance town,137,Pamlico
3701140.00,,Altamahaw CDP,1,Alamance
3701340.00,,Anderson Creek CDP,85,Harnett
3701380.00,,Andrews town,39,Cherokee
3701400.00,,Angier town,85,Harnett
3701420.00,,Ansonville town,7,Anson
3701520.00,,Apex town,183,Wake
3701560.00,,Aquadale CDP,167,Stanly
3701640.00,,Arapahoe town,137,Pamlico
3701720.00,,Archdale city,"81, 151","Guilford, Randolph"
3701760.00,,Archer Lodge town,101,Johnston
3701972.00,,Arrowhead Beach CDP,41,Chowan
3702080.00,,Asheboro city,151,Randolph
3702140.00,,Asheville city,21,Buncombe
3702240.00,,Ashley Heights CDP,93,Hoke
3702320.00,,Askewville town,15,Bertie
3702460.00,,Atkinson town,141,Pender
3702480.00,,Atlantic CDP,31,Carteret
3702500.00,,Atlantic Beach town,31,Carteret
3702580.00,,Aulander town,15,Bertie
3702620.00,,Aurora town,13,Beaufort
3702700.00,,Autryville town,163,Sampson
3702760.00,,Avery Creek CDP,21,Buncombe
3702780.00,,Avon CDP,55,Dare
3702840.00,,Ayden town,147,Pitt
3702960.00,,Badin town,167,Stanly
3703020.00,,Bailey town,127,Nash
3703100.00,,Bakersville town,121,Mitchell
3703150.00,,Bald Head Island village,19,Brunswick
3703220.00,,Balfour CDP,89,Henderson
3703500.00,,Banner Elk town,11,Avery
3703640.00,,Barker Heights CDP,89,Henderson
3703665.00,,Barker Ten Mile CDP,155,Robeson
3703720.00,,Barnardsville CDP,21,Buncombe
3703840.00,,Bath town,13,Beaufort
3703960.00,,Bayboro town,137,Pamlico
3704015.00,,Bayshore CDP,129,New Hanover
3704040.00,,Bayview CDP,13,Beaufort
3704180.00,,Bear Grass town,117,Martin
3704260.00,,Beaufort town,31,Carteret
3704510.00,,Beech Mountain town,"11, 189","Avery, Watauga"
3704640.00,,Belhaven town,13,Beaufort
3704680.00,,Bell Arthur CDP,147,Pitt
3704840.00,,Belmont city,71,Gaston
3704950.00,,Belville town,19,Brunswick
3704955.00,,Belvoir CDP,147,Pitt
3704960.00,,Belwood town,45,Cleveland
3705020.00,,Bennett CDP,37,Chatham
3705040.00,,Benson town,101,Johnston
3705049.00,,Bent Creek CDP,21,Buncombe
3705135.00,,Bermuda Run town,59,Davie
3705220.00,,Bessemer City city,71,Gaston
3705340.00,,Bethania town,67,Forsyth
3705460.00,,Bethel town,147,Pitt
3705530.00,,Bethlehem CDP,3,Alexander
3705660.00,,Beulaville town,61,Duplin
3705880.00,,Biltmore Forest town,21,Buncombe
3706000.00,,Biscoe town,123,Montgomery
3706080.00,,Black Creek town,195,Wilson
3706140.00,,Black Mountain town,21,Buncombe
3706240.00,,Bladenboro town,17,Bladen
3706500.00,,Blowing Rock town,"189, 27","Watauga, Caldwell"
3706510.00,,Blue Clay Farms CDP,129,New Hanover
3706660.00,,Boardman town,47,Columbus
3706740.00,,Bogue town,31,Carteret
3706760.00,,Boiling Spring Lakes city,19,Brunswick
3706800.00,,Boiling Springs town,45,Cleveland
3706820.00,,Bolivia town,19,Brunswick
3706860.00,,Bolton town,47,Columbus
3706980.00,,Bonnetsville CDP,163,Sampson
3707080.00,,Boone town,189,Watauga
3707140.00,,Boonville town,197,Yadkin
3707220.00,,Bostic town,161,Rutherford
3707340.00,,Bowdens CDP,61,Duplin
3707400.00,,Bowmore CDP,93,Hoke
3707588.00,,Brandywine Bay CDP,31,Carteret
3707720.00,,Brevard city,175,Transylvania
3707748.00,,Briar Chapel CDP,37,Chatham
3707765.00,,Brices Creek CDP,49,Craven
3707860.00,,Bridgeton town,49,Craven
3708040.00,,Broad Creek CDP,31,Carteret
3708080.00,,Broadway town,105,Lee
3708110.00,,Brogden CDP,191,Wayne
3708140.00,,Brookford town,35,Catawba
3708420.00,,Brunswick town,47,Columbus
3708480.00,,Bryson City town,173,Swain
3708760.00,,Buies Creek CDP,85,Harnett
3708860.00,,Bunn town,69,Franklin
3708880.00,,Bunnlevel CDP,85,Harnett
3708960.00,,Burgaw town,141,Pender
3709060.00,,Burlington city,"1, 81","Alamance, Guilford"
3709140.00,,Burnsville town,199,Yancey
3709360.00,,Butner town,77,Granville
3709380.00,,Butters CDP,17,Bladen
3709400.00,,Buxton CDP,55,Dare
3709530.00,,Cajah's Mountain town,27,Caldwell
3709540.00,,Calabash town,19,Brunswick
3709760.00,,Calypso town,61,Duplin
3709780.00,,Camden CDP,29,Camden
3709800.00,,Cameron town,125,Moore
3710120.00,,Candor town,123,Montgomery
3710240.00,,Canton town,87,Haywood
3710260.00,,Cape Carteret town,31,Carteret
3710264.00,,Cape Colony CDP,41,Chowan
3710460.00,,Caroleen CDP,161,Rutherford
3710500.00,,Carolina Beach town,129,New Hanover
3710532.00,,Carolina Meadows CDP,37,Chatham
3710550.00,,Carolina Shores town,19,Brunswick
3710620.00,,Carrboro town,135,Orange
3710680.00,,Carthage town,125,Moore
3710740.00,,Cary town,"183, 37","Wake, Chatham"
3710760.00,,Casar town,45,Cleveland
3710800.00,,Cashiers CDP,99,Jackson
3710860.00,,Castalia town,127,Nash
3710880.00,,Castle Hayne CDP,129,New Hanover
3710960.00,,Caswell Beach town,19,Brunswick
3710980.00,,Catawba town,35,Catawba
3711340.00,,Cedar Point town,31,Carteret
3711352.00,,Cedar Rock village,27,Caldwell
3711560.00,,Centerville CDP,69,Franklin
3711620.00,,Cerro Gordo town,47,Columbus
3711640.00,,Chadbourn town,47,Columbus
3711800.00,,Chapel Hill town,"135, 63, 37","Orange, Durham, Chatham"
3712000.00,,Charlotte city,119,Mecklenburg
3712140.00,,Cherokee CDP,"173, 99","Swain, Jackson"
3712186.00,,Cherry Branch CDP,49,Craven
3712340.00,,Cherryville city,71,Gaston
3712460.00,,Chimney Rock Village village,161,Rutherford
3712480.00,,China Grove town,159,Rowan
3712520.00,,Chinquapin CDP,61,Duplin
3712580.00,,Chocowinity town,13,Beaufort
3712590.00,,Chowan Beach CDP,41,Chowan
3712720.00,,Claremont city,35,Catawba
3712780.00,,Clarkton town,17,Bladen
3712860.00,,Clayton town,101,Johnston
3712960.00,,Clemmons village,67,Forsyth
3713000.00,,Cleveland town,159,Rowan
3713100.00,,Cliffside CDP,161,Rutherford
3713240.00,,Clinton city,163,Sampson
3713280.00,,Clyde town,87,Haywood
3713360.00,,Coats town,85,Harnett
3713460.00,,Cofield village,91,Hertford
3713500.00,,Coinjock CDP,53,Currituck
3713560.00,,Colerain town,15,Bertie
3713940.00,,Columbia town,177,Tyrrell
3713980.00,,Columbus town,149,Polk
3714060.00,,Como town,91,Hertford
3714100.00,,Concord city,25,Cabarrus
3714200.00,,Conetoe town,65,Edgecombe
3714280.00,,Connelly Springs town,23,Burke
3714340.00,,Conover city,35,Catawba
3714400.00,,Conway town,131,Northampton
3714460.00,,Cooleemee town,59,Davie
3714600.00,,Cordova CDP,153,Richmond
3714700.00,,Cornelius town,119,Mecklenburg
3715020.00,,Cove City town,49,Craven
3715040.00,,Cove Creek CDP,189,Watauga
3715260.00,,Cramerton town,71,Gaston
3715320.00,,Creedmoor city,77,Granville
3715420.00,,Creswell town,187,Washington
3715440.00,,Cricket CDP,193,Wilkes
3715580.00,,Crossnore town,11,Avery
3715640.00,,Crouse CDP,109,Lincoln
3715880.00,,Cullowhee CDP,99,Jackson
3716084.00,,Cypress Landing CDP,13,Beaufort
3716180.00,,Dallas town,71,Gaston
3716220.00,,Dana CDP,89,Henderson
3716240.00,,Danbury town,169,Stokes
3716400.00,,Davidson town,"119, 97","Mecklenburg, Iredell"
3716480.00,,Davis CDP,31,Carteret
3716720.00,,Deep Run CDP,107,Lenoir
3716730.00,,Deercroft CDP,165,Scotland
3716780.00,,Delco CDP,47,Columbus
3716820.00,,Dellview town,71,Gaston
3716860.00,,Delway CDP,163,Sampson
3716980.00,,Denton town,57,Davidson
3717000.00,,Denver CDP,109,Lincoln
3717180.00,,Dillsboro town,99,Jackson
3717325.00,,Dobbins Heights town,153,Richmond
3717340.00,,Dobson town,171,Surry
3717520.00,,Dortches town,127,Nash
3717660.00,,Dover town,49,Craven
3717860.00,,Drexel town,23,Burke
3718040.00,,Dublin town,17,Bladen
3718060.00,,Duck town,55,Dare
3718080.00,,Dudley CDP,191,Wayne
3718300.00,,Dundarrach CDP,93,Hoke
3718320.00,,Dunn city,85,Harnett
3719000.00,,Durham city,63,Durham
3719140.00,,Earl town,45,Cleveland
3719300.00,,East Arcadia town,17,Bladen
3719320.00,,East Bend town,197,Yadkin
3719420.00,,East Flat Rock CDP,89,Henderson
3719620.00,,East Laurinburg town,165,Scotland
3719740.00,,Eastover town,51,Cumberland
3719800.00,,East Rockingham CDP,153,Richmond
3719860.00,,East Spencer town,159,Rowan
3720080.00,,Eden city,157,Rockingham
3720120.00,,Edenton town,41,Chowan
3720280.00,,Edneyville CDP,89,Henderson
3720420.00,,Efland CDP,135,Orange
3720580.00,,Elizabeth City city,139,Pasquotank
3720600.00,,Elizabethtown town,17,Bladen
3720620.00,,Elkin town,"171, 193","Surry, Wilkes"
3720700.00,,Elk Park town,11,Avery
3720780.00,,Ellenboro town,161,Rutherford
3720840.00,,Ellerbe town,153,Richmond
3720980.00,,Elm City town,195,Wilson
3721095.00,,Elon town,1,Alamance
3721120.00,,Elrod CDP,155,Robeson
3721130.00,,Elroy CDP,191,Wayne
3721160.00,,Emerald Isle town,31,Carteret
3721260.00,,Emma CDP,21,Buncombe
3721360.00,,Enfield town,83,Halifax
3721380.00,,Engelhard CDP,95,Hyde
3721500.00,,Enochville CDP,159,Rowan
3721740.00,,Erwin town,85,Harnett
3721880.00,,Etowah CDP,89,Henderson
3721960.00,,Eureka town,191,Wayne
3722040.00,,Everetts town,117,Martin
3722080.00,,Evergreen CDP,47,Columbus
3722240.00,,Fair Bluff town,47,Columbus
3722280.00,,Fairfield CDP,95,Hyde
3722305.00,,Fairfield Harbour CDP,49,Craven
3722360.00,,Fairmont town,155,Robeson
3722380.00,,Fairplains CDP,193,Wilkes
3722440.00,,Fairview CDP,21,Buncombe
3722500.00,,Fairview town,179,Union
3722560.00,,Faison town,61,Duplin
3722600.00,,Faith town,159,Rowan
3722620.00,,Falcon town,"51, 163","Cumberland, Sampson"
3722640.00,,Falkland town,147,Pitt
3722720.00,,Fallston town,45,Cleveland
3722800.00,,Farmington CDP,59,Davie
3722820.00,,Farmville town,147,Pitt
3722920.00,,Fayetteville city,51,Cumberland
3722982.00,,Fearrington Village CDP,37,Chatham
3723520.00,,Five Points CDP,93,Hoke
3723600.00,,Flat Rock village,89,Henderson
3723640.00,,Flat Rock CDP,89,Henderson
3723760.00,,Fletcher town,89,Henderson
3723980.00,,Fontana Dam town,75,Graham
3724080.00,,Forest City town,161,Rutherford
3724170.00,,Forest Hills village,99,Jackson
3724198.00,,Forest Oaks CDP,81,Guilford
3724380.00,,Foscoe CDP,189,Watauga
3724440.00,,Fountain town,147,Pitt
3724520.00,,Four Oaks town,101,Johnston
3724570.00,,Foxfire village,125,Moore
3724640.00,,Franklin town,113,Macon
3724720.00,,Franklinton town,69,Franklin
3724740.00,,Franklinville town,151,Randolph
3724900.00,,Fremont town,191,Wayne
3725020.00,,Frisco CDP,55,Dare
3725160.00,,Fruitland CDP,89,Henderson
3725300.00,,Fuquay-Varina town,183,Wake
3725380.00,,Gamewell town,27,Caldwell
3725460.00,,Garland town,163,Sampson
3725480.00,,Garner town,183,Wake
3725540.00,,Garysburg town,131,Northampton
3725560.00,,Gaston town,131,Northampton
3725580.00,,Gastonia city,71,Gaston
3725680.00,,Gatesville town,73,Gates
3725880.00,,Germanton CDP,"67, 169","Forsyth, Stokes"
3725900.00,,Gerton CDP,89,Henderson
3725940.00,,Gibson town,165,Scotland
3725980.00,,Gibsonville town,"1, 81","Alamance, Guilford"
3726200.00,,Glen Alpine town,23,Burke
3726460.00,,Glen Raven CDP,1,Alamance
3726520.00,,Glenville CDP,99,Jackson
3726560.00,,Glenwood CDP,111,McDowell
3726680.00,,Gloucester CDP,31,Carteret
3726740.00,,Godwin town,51,Cumberland
3726800.00,,Gold Hill CDP,159,Rowan
3726880.00,,Goldsboro city,191,Wayne
3726920.00,,Goldston town,37,Chatham
3727120.00,,Gorman CDP,63,Durham
3727180.00,,Governors Club CDP,37,Chatham
3727182.00,,Governors Village CDP,37,Chatham
3727280.00,,Graham city,1,Alamance
3727300.00,,Graingers CDP,107,Lenoir
3727324.00,,Grandfather Village village,11,Avery
3727400.00,,Grandy CDP,53,Currituck
3727420.00,,Granite Falls town,27,Caldwell
3727440.00,,Granite Quarry town,159,Rowan
3727520.00,,Grantsboro town,137,Pamlico
3727780.00,,Greenevers town,61,Duplin
3727870.00,,Green Level town,1,Alamance
3728000.00,,Greensboro city,81,Guilford
3728080.00,,Greenville city,147,Pitt
3728200.00,,Grifton town,"147, 107","Pitt, Lenoir"
3728240.00,,Grimesland town,147,Pitt
3728400.00,,Grover town,45,Cleveland
3728600.00,,Gulf CDP,37,Chatham
3728900.00,,Half Moon CDP,133,Onslow
3728920.00,,Halifax town,83,Halifax
3729000.00,,Hallsboro CDP,47,Columbus
3729120.00,,Hamilton town,117,Martin
3729160.00,,Hamlet city,153,Richmond
3729180.00,,Hampstead CDP,141,Pender
3729560.00,,Harkers Island CDP,31,Carteret
3729640.00,,Harmony town,97,Iredell
3729680.00,,Harrells town,"163, 61","Sampson, Duplin"
3729720.00,,Harrellsville town,91,Hertford
3729800.00,,Harrisburg town,25,Cabarrus
3730040.00,,Hassell town,117,Martin
3730100.00,,Hatteras CDP,55,Dare
3730120.00,,Havelock city,49,Craven
3730260.00,,Haw River town,1,Alamance
3730280.00,,Hayesville town,43,Clay
3730340.00,,Hays CDP,193,Wilkes
3730620.00,,Hemby Bridge town,179,Union
3730660.00,,Henderson city,181,Vance
3730720.00,,Hendersonville city,89,Henderson
3730800.00,,Henrietta CDP,161,Rutherford
3730900.00,,Hertford town,143,Perquimans
3731060.00,,Hickory city,35,Catawba
3731260.00,,Hiddenite CDP,3,Alexander
3731360.00,,Highlands town,113,Macon
3731400.00,,High Point city,81,Guilford
3731440.00,,High Shoals city,71,Gaston
3731490.00,,Hightsville CDP,129,New Hanover
3731500.00,,Hildebran town,23,Burke
3731620.00,,Hillsborough town,135,Orange
3731860.00,,Hobgood town,83,Halifax
3731880.00,,Hobucken CDP,137,Pamlico
3731920.00,,Hoffman town,153,Richmond
3731960.00,,Holden Beach town,19,Brunswick
3732100.00,,Hollister CDP,83,Halifax
3732180.00,,Holly Ridge town,133,Onslow
3732260.00,,Holly Springs town,183,Wake
3732540.00,,Hookerton town,79,Greene
3732580.00,,Hoopers Creek CDP,89,Henderson
3732640.00,,Hope Mills town,51,Cumberland
3732740.00,,Horse Shoe CDP,89,Henderson
3732840.00,,Hot Springs town,115,Madison
3732980.00,,Hudson town,27,Caldwell
3733120.00,,Huntersville town,119,Mecklenburg
3733320.00,,Icard CDP,23,Burke
3733460.00,,Indian Beach town,31,Carteret
3733560.00,,Indian Trail town,179,Union
3733640.00,,Ingold CDP,163,Sampson
3733820.00,,Iron Station CDP,109,Lincoln
3733940.00,,Ivanhoe CDP,163,Sampson
3733993.00,,JAARS CDP,179,Union
3734000.00,,Jackson town,131,Northampton
3734038.00,,Jackson Heights CDP,107,Lenoir
3734160.00,,Jackson Springs CDP,125,Moore
3734200.00,,Jacksonville city,133,Onslow
3734260.00,,James City CDP,49,Craven
3734300.00,,Jamestown town,81,Guilford
3734320.00,,Jamesville town,117,Martin
3734440.00,,Jefferson town,9,Ashe
3734840.00,,Jonesville town,197,Yadkin
3735200.00,,Kannapolis city,"25, 159","Cabarrus, Rowan"
3735340.00,,Keener CDP,163,Sampson
3735360.00,,Kelford town,15,Bertie
3735440.00,,Kelly CDP,17,Bladen
3735460.00,,Kenansville town,61,Duplin
3735540.00,,Kenly town,"101, 195","Johnston, Wilson"
3735600.00,,Kernersville town,67,Forsyth
3735720.00,,Kill Devil Hills town,55,Dare
3735760.00,,King city,"169, 67","Stokes, Forsyth"
3735870.00,,Kings Grant CDP,129,New Hanover
3735880.00,,Kings Mountain city,"45, 71","Cleveland, Gaston"
3735890.00,,Kingstown town,45,Cleveland
3735920.00,,Kinston city,107,Lenoir
3736020.00,,Kittrell town,181,Vance
3736060.00,,Kitty Hawk town,55,Dare
3736080.00,,Knightdale town,183,Wake
3736220.00,,Kure Beach town,129,New Hanover
3736400.00,,La Grange town,107,Lenoir
3736480.00,,Lake Junaluska CDP,87,Haywood
3736500.00,,Lake Lure town,161,Rutherford
3736510.00,,Lake Norman of Catawba CDP,35,Catawba
3736511.00,,Lake Norman of Iredell CDP,97,Iredell
3736512.00,,Lake Park village,179,Union
3736513.00,,Lake Royale CDP,69,Franklin
3736514.00,,Lake Santeetlah town,75,Graham
3736640.00,,Lake Waccamaw town,47,Columbus
3736860.00,,Landis town,159,Rowan
3736960.00,,Lansing town,9,Ashe
3737000.00,,Lasker town,131,Northampton
3737040.00,,Lattimore town,45,Cleveland
3737120.00,,Laurel Hill CDP,165,Scotland
3737160.00,,Laurel Park town,89,Henderson
3737220.00,,Laurinburg city,165,Scotland
3737260.00,,Lawndale town,45,Cleveland
3737640.00,,Leggett town,65,Edgecombe
3737680.00,,Leland town,19,Brunswick
3737760.00,,Lenoir city,27,Caldwell
3738030.00,,Lewiston Woodville town,15,Bertie
3738040.00,,Lewisville town,67,Forsyth
3738060.00,,Lexington city,57,Davidson
3738100.00,,Liberty town,151,Randolph
3738170.00,,Light Oak CDP,45,Cleveland
3738200.00,,Lilesville town,7,Anson
3738220.00,,Lillington town,85,Harnett
3738320.00,,Lincolnton city,109,Lincoln
3738360.00,,Linden town,51,Cumberland
3738420.00,,Linville CDP,11,Avery
3738680.00,,Littleton town,83,Halifax
3738860.00,,Locust city,"167, 25","Stanly, Cabarrus"
3739060.00,,Long Creek CDP,141,Pender
3739280.00,,Long View town,"23, 35","Burke, Catawba "
3739360.00,,Louisburg town,69,Franklin
3739420.00,,Love Valley town,97,Iredell
3739480.00,,Lowell city,71,Gaston
3739520.00,,Lowesville CDP,109,Lincoln
3739540.00,,Lowgap CDP,171,Surry
3739600.00,,Lucama town,195,Wilson
3739680.00,,Lumber Bridge town,155,Robeson
3739700.00,,Lumberton city,155,Robeson
3739880.00,,McAdenville town,71,Gaston
3739960.00,,Macclesfield town,65,Edgecombe
3740140.00,,McDonald town,155,Robeson
3740240.00,,McFarlan town,7,Anson
3740460.00,,McLeansville CDP,81,Guilford
3740540.00,,Macon town,185,Warren
3740560.00,,Madison town,157,Rockingham
3740600.00,,Maggie Valley town,87,Haywood
3740640.00,,Magnolia town,61,Duplin
3740660.00,,Maiden town,35,Catawba
3740860.00,,Mamers CDP,85,Harnett
3740980.00,,Manns Harbor CDP,55,Dare
3741060.00,,Manteo town,55,Dare
3741220.00,,Marble CDP,39,Cherokee
3741380.00,,Marietta town,155,Robeson
3741420.00,,Marion city,111,McDowell
3741540.00,,Mar-Mac CDP,191,Wayne
3741580.00,,Marshall town,115,Madison
3741600.00,,Marshallberg CDP,31,Carteret
3741620.00,,Mars Hill town,115,Madison
3741640.00,,Marshville town,179,Union
3741720.00,,Marvin village,179,Union
3741960.00,,Matthews town,119,Mecklenburg
3742000.00,,Maury CDP,79,Greene
3742020.00,,Maxton town,155,Robeson
3742060.00,,Mayodan town,157,Rockingham
3742100.00,,Maysville town,103,Jones
3742240.00,,Mebane city,135,Orange
3742480.00,,Mesic town,137,Pamlico
3742620.00,,Micro town,101,Johnston
3742640.00,,Middleburg town,181,Vance
3742700.00,,Middlesex town,127,Nash
3742760.00,,Midland town,25,Cabarrus
3742860.00,,Midway town,57,Davidson
3743160.00,,Millers Creek CDP,193,Wilkes
3743200.00,,Millingport CDP,167,Stanly
3743260.00,,Mills River town,89,Henderson
3743300.00,,Milton town,33,Caswell
3743320.00,,Milwaukee CDP,131,Northampton
3743360.00,,Mineral Springs town,179,Union
3743440.00,,Minnesott Beach town,137,Pamlico
3743480.00,,Mint Hill town,"119, 179","Mecklenburg, Union"
3743580.00,,Misenheimer village,167,Stanly
3743720.00,,Mocksville town,59,Davie
3743860.00,,Momeyer town,127,Nash
3743880.00,,Moncure CDP,37,Chatham
3743920.00,,Monroe city,179,Union
3744100.00,,Montreat town,21,Buncombe
3744160.00,,Mooresboro town,45,Cleveland
3744220.00,,Mooresville town,97,Iredell
3744280.00,,Moravian Falls CDP,193,Wilkes
3744320.00,,Morehead City town,31,Carteret
3744400.00,,Morganton city,23,Burke
3744520.00,,Morrisville town,183,Wake
3744560.00,,Morven town,7,Anson
3744700.00,,Mountain Home CDP,89,Henderson
3744770.00,,Mountain View CDP,35,Catawba
3744800.00,,Mount Airy city,171,Surry
3744900.00,,Mount Gilead town,123,Montgomery
3744960.00,,Mount Holly city,71,Gaston
3745100.00,,Mount Olive town,191,Wayne
3745140.00,,Mount Pleasant town,25,Cabarrus
3745460.00,,Moyock CDP,53,Currituck
3745560.00,,Mulberry CDP,193,Wilkes
3745640.00,,Murfreesboro town,91,Hertford
3745660.00,,Murphy town,39,Cherokee
3745720.00,,Murraysville CDP,129,New Hanover
3745840.00,,Myrtle Grove CDP,129,New Hanover
3745880.00,,Nags Head town,55,Dare
3746000.00,,Nashville town,127,Nash
3746060.00,,Navassa town,19,Brunswick
3746100.00,,Nebo CDP,111,McDowell
3746280.00,,Neuse Forest CDP,49,Craven
3746340.00,,New Bern city,49,Craven
3746650.00,,New Hope CDP,191,Wayne
3746740.00,,Newland town,11,Avery
3746820.00,,New London town,167,Stanly
3746860.00,,Newport town,31,Carteret
3747000.00,,Newton city,35,Catawba
3747020.00,,Newton Grove town,163,Sampson
3747240.00,,Norlina town,185,Warren
3747260.00,,Norman town,153,Richmond
3747485.00,,Northchase CDP,129,New Hanover
3747695.00,,Northlakes CDP,27,Caldwell
3747845.00,,North Topsail Beach town,141,Pender
3747860.00,,Northwest city,19,Brunswick
3747880.00,,North Wilkesboro town,193,Wilkes
3747980.00,,Norwood town,167,Stanly
3748040.00,,Oakboro town,167,Stanly
3748060.00,,Oak City town,117,Martin
3748345.00,,Oak Island town,19,Brunswick
3748480.00,,Oak Ridge town,81,Guilford
3748700.00,,Ocean Isle Beach town,19,Brunswick
3748740.00,,Ocracoke CDP,95,Hyde
3748790.00,,Ogden CDP,129,New Hanover
3748920.00,,Old Fort town,111,McDowell
3748940.00,,Old Hundred CDP,165,Scotland
3749380.00,,Oriental town,137,Pamlico
3749460.00,,Orrum town,155,Robeson
3749600.00,,Ossipee town,1,Alamance
3749800.00,,Oxford city,77,Granville
3750080.00,,Pantego town,13,Beaufort 
3750340.00,,Parkton town,155,Robeson 
3750540.00,,Parmele town,117,Martin 
3750700.00,,Patterson Springs town,45,Cleveland 
3750820.00,,Peachland town,7,Anson 
3751040.00,,Peletier town,31,Carteret 
3751080.00,,Pembroke town,155,Robeson 
3751780.00,,Pikeville town,191,Wayne 
3751820.00,,Pilot Mountain town,171,Surry 
3751840.00,,Pinebluff town,125,Moore 
3751940.00,,Pinehurst village,125,Moore 
3752000.00,,Pine Knoll Shores town,31,Carteret 
3752020.00,,Pine Level town,101,Johnston 
3752140.00,,Pinetops town,65,Edgecombe 
3752160.00,,Pinetown CDP,13,Beaufort 
3752220.00,,Pineville town,119,Mecklenburg 
3752260.00,,Piney Green CDP,133,Onslow 
3752400.00,,Pink Hill town,107,Lenoir 
3752500.00,,Pinnacle CDP,169,Stokes 
3752660.00,,Pittsboro town,37,Chatham 
3752685.00,,Plain View CDP,163,Sampson 
3752760.00,,Pleasant Garden town,81,Guilford 
3752920.00,,Pleasant Hill CDP,193,Wilkes 
3753040.00,,Plymouth town,187,Washington 
3753140.00,,Polkton town,7,Anson 
3753160.00,,Polkville city,45,Cleveland 
3753200.00,,Pollocksville town,103,Jones 
3753475.00,,Porters Neck CDP,129,New Hanover 
3753580.00,,Potters Hill CDP,61,Duplin 
3753680.00,,Powellsville town,15,Bertie 
3753820.00,,Princeton town,101,Johnston 
3753840.00,,Princeville town,65,Edgecombe 
3753900.00,,Proctorville town,155,Robeson 
3753950.00,,Prospect CDP,155,Robeson 
3754160.00,,Pumpkin Center CDP,133,Onslow 
3754580.00,,Raeford city,93,Hoke 
3754600.00,,Raemon CDP,155,Robeson 
3755000.00,,Raleigh city,183,Wake 
3755040.00,,Ramseur town,151,Randolph 
3755080.00,,Randleman city,151,Randolph 
3755260.00,,Ranlo town,71,Gaston 
3755340.00,,Raynham town,155,Robeson 
3755460.00,,Red Cross town,167,Stanly 
3755640.00,,Red Oak town,127,Nash 
3755660.00,,Red Springs town,155,Robeson 
3755900.00,,Reidsville city,157,Rockingham 
3755940.00,,Rennert town,155,Robeson 
3756100.00,,Rex CDP,155,Robeson 
3756240.00,,Rhodhiss town,"27, 23","Caldwell, Burke "
3756340.00,,Richfield town,167,Stanly 
3756360.00,,Richlands town,133,Onslow 
3756440.00,,Rich Square town,131,Northampton
3756600.00,,Riegelwood CDP,47,Columbus 
3756710.00,,River Bend town,49,Craven
3756815.00,,River Road CDP,13,Beaufort 
3756900.00,,Roanoke Rapids city,83,Halifax 
3757000.00,,Robbins town,125,Moore 
3757020.00,,Robbinsville town,75,Graham 
3757039.00,,Roberdel CDP,153,Richmond 
3757100.00,,Robersonville town,117,Martin 
3757200.00,,Rockfish CDP,93,Hoke 
3757260.00,,Rockingham city,153,Richmond 
3757340.00,,Rockwell town,159,Rowan 
3757500.00,,Rocky Mount city,"127, 65","Nash, Edgecombe "
3757540.00,,Rocky Point CDP,141,Pender 
3757580.00,,Rodanthe CDP,55,Dare 
3757640.00,,Rolesville town,183,Wake 
3757700.00,,Ronda town,193,Wilkes 
3757740.00,,Roper town,187,Washington 
3757800.00,,Roseboro town,163,Sampson 
3757860.00,,Rose Hill town,61,Duplin 
3758020.00,,Rosman town,175,Transylvania
3758040.00,,Rougemont CDP,"63, 145","Durham, Person "
3758140.00,,Rowland town,155,Robeson 
3758160.00,,Roxboro city,145,Person 
3758180.00,,Roxobel town,15,Bertie 
3758260.00,,Royal Pines CDP,21,Buncombe 
3758340.00,,Ruffin CDP,157,Rockingham 
3758360.00,,Rural Hall town,67,Forsyth 
3758420.00,,Ruth town,161,Rutherford 
3758440.00,,Rutherford College town,23,Burke 
3758460.00,,Rutherfordton town,161,Rutherford 
3758620.00,,St. Helena village,141,Pender 
3758630.00,,St. James town,19,Brunswick 
3758720.00,,St. Pauls town,155,Robeson 
3758730.00,,St. Stephens CDP,35,Catawba 
3758740.00,,Salem CDP,23,Burke 
3758840.00,,Salemburg town,163,Sampson 
3758860.00,,Salisbury city,159,Rowan 
3758920.00,,Saluda city,"149, 89","Polk, Henderson "
3758940.00,,Salvo CDP,55,Dare 
3759090.00,,Sandy Creek town,19,Brunswick 
3759135.00,,Sandyfield town,47,Columbus 
3759280.00,,Sanford city,105,Lee 
3759340.00,,Saratoga town,195,Wilson 
3759540.00,,Sawmills town,27,Caldwell 
3759580.00,,Saxapahaw CDP,1,Alamance 
3759765.00,,Scotch Meadows CDP,165,Scotland 
3759780.00,,Scotland Neck town,83,Halifax 
3759980.00,,Seaboard town,131,Northampton 
3760000.00,,Sea Breeze CDP,129,New Hanover 
3760080.00,,Seagrove town,151,Randolph 
3760180.00,,Sedalia town,81,Guilford 
3760320.00,,Selma town,101,Johnston
3760505.00,,Seven Devils town,"11, 189","Avery, Watauga "
3760515.00,,Seven Lakes CDP,125,Moore 
3760540.00,,Seven Springs town,191,Wayne 
3760560.00,,Severn town,131,Northampton 
3760800.00,,Shallotte town,19,Brunswick 
3760940.00,,Shannon CDP,155,Robeson 
3761060.00,,Sharpsburg town,"65, 127, 195","Edgecombe, Nash, Wilson "
3761200.00,,Shelby city,45,Cleveland 
3761860.00,,Siler City town,37,Chatham
3761920.00,,Silver City CDP,93,Hoke 
3761950.00,,Silver Lake CDP,129,New Hanover 
3762040.00,,Simpson village,147,Pitt 
3762060.00,,Sims town,195,Wilson 
3762190.00,,Skippers Corner CDP,129,New Hanover 
3762520.00,,Smithfield town,101,Johnston
3762580.00,,Smithtown CDP,197,Yadkin 
3762680.00,,Sneads Ferry CDP,133,Onslow 
3762760.00,,Snow Hill town,79,Greene 
3763120.00,,Southern Pines town,125,Moore 
3763130.00,,Southern Shores town,55,Dare 
3763240.00,,South Henderson CDP,181,Vance 
3763340.00,,South Mills CDP,29,Camden 
3763360.00,,Southmont CDP,57,Davidson 
3763400.00,,Southport city,19,Brunswick 
3763470.00,,South Rosemary CDP,83,Halifax 
3763560.00,,South Weldon CDP,83,Halifax 
3763680.00,,Sparta town,5,Alleghany 
3763720.00,,Speed town,65,Edgecombe 
3763760.00,,Spencer town,159,Rowan 
3763780.00,,Spencer Mountain town,71,Gaston 
3763880.00,,Spindale town,161,Rutherford 
3763920.00,,Spivey's Corner CDP,163,Sampson 
3764000.00,,Spout Springs CDP,85,Harnett 
3764050.00,,Springdale CDP,71,Gaston 
3764160.00,,Spring Hope town,127,Nash 
3764180.00,,Spring Lake town,51,Cumberland 
3764260.00,,Spruce Pine town,121,Mitchell 
3764380.00,,Staley town,151,Randolph 
3764420.00,,Stallings town,179,Union 
3764460.00,,Stanfield town,167,Stanly 
3764500.00,,Stanley town,71,Gaston 
3764560.00,,Stantonsburg town,195,Wilson 
3764580.00,,Star town,123,Montgomery 
3764740.00,,Statesville city,97,Iredell 
3764840.00,,Stedman town,51,Cumberland 
3764940.00,,Stem town,77,Granville 
3765020.00,,Stokes CDP,147,Pitt 
3765040.00,,Stokesdale town,81,Guilford 
3765100.00,,Stoneville town,157,Rockingham 
3765120.00,,Stonewall town,137,Pamlico 
3765260.00,,Stony Point CDP,"3, 97","Alexander, Iredell "
3765320.00,,Stovall town,77,Granville 
3765530.00,,Sugar Mountain village,11,Avery 
3765580.00,,Summerfield town,81,Guilford 
3765700.00,,Sunbury CDP,73,Gates 
3765900.00,,Sunset Beach town,19,Brunswick 
3766040.00,,Surf City town,"141, 133","Pender, Onslow "
3766280.00,,Swannanoa CDP,21,Buncombe 
3766340.00,,Swan Quarter CDP,95,Hyde 
3766360.00,,Swansboro town,133,Onslow 
3766460.00,,Swepsonville town,1,Alamance 
3766500.00,,Sylva town,99,Jackson 
3766520.00,,Tabor City town,47,Columbus
3766700.00,,Tarboro town,65,Edgecombe 
3766740.00,,Tar Heel town,17,Bladen 
3766960.00,,Taylorsville town,3,Alexander 
3766980.00,,Taylortown town,125,Moore 
3767000.00,,Teachey town,61,Duplin 
3767420.00,,Thomasville city,57,Davidson 
3767700.00,,Toast CDP,171,Surry 
3767720.00,,Tobaccoville village,67,Forsyth 
3768040.00,,Topsail Beach town,141,Pender 
3768320.00,,Trenton town,103,Jones 
3768340.00,,Trent Woods town,49,Craven 
3768400.00,,Trinity city,151,Randolph 
3768500.00,,Troutman town,97,Iredell 
3768520.00,,Troy town,123,Montgomery 
3768580.00,,Tryon town,149,Polk
3768740.00,,Turkey town,163,Sampson 
3769020.00,,Tyro CDP,57,Davidson 
3769260.00,,Unionville town,179,Union
3769520.00,,Valdese town,23,Burke 
3769600.00,,Valle Crucis CDP,189,Watauga 
3769640.00,,Valley Hill CDP,89,Henderson 
3769680.00,,Vanceboro town,49,Craven 
3769720.00,,Vandemere town,137,Pamlico 
3769740.00,,Vander CDP,51,Cumberland 
3769755.00,,Vann Crossroads CDP,163,Sampson 
3769795.00,,Varnamtown town,19,Brunswick 
3769840.00,,Vass town,125,Moore 
3770320.00,,Waco town,45,Cleveland 
3770340.00,,Wade town,51,Cumberland 
3770380.00,,Wadesboro town,7,Anson 
3770480.00,,Wagram town,165,Scotland 
3770540.00,,Wake Forest town,"69, 77, 183","Franklin, Granville, Wake "
3770580.00,,Wakulla CDP,155,Robeson 
3770660.00,,Walkertown town,67,Forsyth 
3770720.00,,Wallace town,61,Duplin 
3770740.00,,Wallburg town,57,Davidson 
3770780.00,,Walnut Cove town,169,Stokes 
3770820.00,,Walnut Creek village,191,Wayne 
3770860.00,,Walstonburg town,79,Greene 
3770920.00,,Wanchese CDP,55,Dare 
3771100.00,,Warrenton town,185,Warren 
3771160.00,,Warsaw town,61,Duplin 
3771220.00,,Washington city,13,Beaufort 
3771240.00,,Washington Park town,13,Beaufort 
3771320.00,,Watha town,141,Pender 
3771440.00,,Waves CDP,55,Dare 
3771460.00,,Waxhaw town,179,Union 
3771500.00,,Waynesville town,87,Haywood 
3771560.00,,Weaverville town,21,Buncombe 
3771600.00,,Webster town,99,Jackson 
3771680.00,,Weddington town,179,Union 
3771760.00,,Welcome CDP,57,Davidson 
3771780.00,,Weldon town,83,Halifax 
3771860.00,,Wendell town,183,Wake 
3771900.00,,Wentworth town,157,Rockingham 
3771940.00,,Wesley Chapel village,179,Union 
3772150.00,,West Canton CDP,87,Haywood 
3772540.00,,West Jefferson town,9,Ashe 
3772600.00,,West Marion CDP,111,McDowell 
3772755.00,,Westport CDP,109,Lincoln 
3773140.00,,Whispering Pines village,125,Moore 
3773160.00,,Whitakers town,"65, 127","Edgecombe, Nash "
3773300.00,,White Lake town,17,Bladen 
3773320.00,,White Oak CDP,17,Bladen 
3773460.00,,White Plains CDP,171,Surry 
3773660.00,,Whiteville city,47,Columbus 
3773760.00,,Whitsett town,81,Guilford 
3773780.00,,Whittier CDP,"99, 173","Jackson, Swain "
3774020.00,,Wilkesboro town,193,Wilkes 
3774220.00,,Williamston town,117,Martin 
3774440.00,,Wilmington city,129,New Hanover 
3774540.00,,Wilson city,195,Wilson 
3774580.00,,Wilson's Mills town,101,Johnston 
3774680.00,,Windsor town,15,Bertie 
3774720.00,,Winfall town,143,Perquimans 
3774760.00,,Wingate town,179,Union 
3775000.00,,Winston-Salem city,67,Forsyth 
3775060.00,,Winterville town,147,Pitt 
3775080.00,,Winton town,91,Hertford 
3775280.00,,Woodfin town,21,Buncombe 
3775340.00,,Woodland town,131,Northampton 
3775375.00,,Woodlawn CDP,1,Alamance 
3775780.00,,Wrightsboro CDP,129,New Hanover 
3775820.00,,Wrightsville Beach town,129,New Hanover 
3775880.00,,Yadkin College CDP,57,Davidson 
3775960.00,,Yadkinville town,197,Yadkin 
3776000.00,,Yanceyville town,33,Caswell 
3776200.00,,Youngsville town,69,Franklin 
3776220.00,,Zebulon town,183,Wake 